id,Name,Company,Phone,Email,personaldetails_id
1001,Mark Nino Carmen,Writeam Company,9555183333,mark123carms@gmail.com,1001
1004,Sam Anthony,Writeam Company,9457893125,samberna@gmail.com,1004
1005,Dia Trambitas,Writeam Company,9874521456,dia123@gmail.com,1005
1006,Ali Naqvi,Writeam Company,9874563214,naqvihello@gmail.com,1006
1007,Nosheen Shafique,Writeam Company,9568214775,nosheen.45@gmail.com,1007
1008,Umesh Pantal,Writeam Company,9024562499,akosiumesh@gmail.com,1008
1009,John Isidro,Writeam Company,9856321402,johnjohnjohn@gmail.com,1009
1010,Monica Manata,Writeam Company,9520141023,monicaggg@gmail.com,1010
1025,Jilian Mnabat,Writeam Company,9523104520,Soeye46@gmail.com,1025
1026,Agot Mandiwa,Writeam Company,9623478524,lude4563@gmail.com,1026
1027,Juliet Estrado,Writeam Company,9256301410,Hiuyou@gmail.com,1027
1028,Amiga Solits,Writeam Company,9875624435,Hellooo00@gmail.com,1028
1029,Berlin Barredo,Writeam Company,9856324502,Hi00200@gmail.com,1029
1030,Mark Galve,Writeam Company,9251031236,Babyyyyyyyyyyyy@gmail.com,1030
1031,Gio Chago,Writeam Company,9521436295,somvevd44@gmail.com,1031
1032,Chavez Chavez,Writeam Company,9251032030,Ibermc@gmail.com,1032
1033,Amanda Amanda,Writeam Company,9530306431,Bcbcbcbcbbcbcb0@gmail.com,1033
1034,Axil Sojo,Writeam Company,9848456216,Yournameeeee777@gmail.com,1034
1035,Maricel Molina,Writeam Company,9254635974,Wanttoyour00000@gmail.com,1035
1036,Victor Saloy,Writeam Company,9852563324,Thortheman9514@gmail.com,1036
1037,Korina Marj,Writeam Company,9855547775,Dillkoih66666j@gmail.com,1037
1050,Leisha Osburn,Writeam Company,9855542223,We2014565@gmail.com,1050
1051,Alexa Chiu,Writeam Company,9520130369,Aqwdwsdf4@gmail.com,1051
1052,Coretta Benway,Writeam Company,9659996523,Moviue5785@gmail.com,1052
1053,Jackie Schaub,Writeam Company,9857474859,Tiktok850077@gmail.com,1053
1054,Tora Schnieders,Writeam Company,9632000014,Dewvrak12@gmail.com,1054
1055,Del Nguyen,Writeam Company,9203626254,Lakhsr33@gmail.com,1055
1056,Keiko Gheen,Writeam Company,9562626343,Fatik02@gmail.com,1056
1057,Vicky Vanwagenen,Writeam Company,9120236897,Qmab555@gmail.com,1057
1058,Nena Westrich,Writeam Company,9562626263,Tatypd85@gmail.com,1058
1059,Prince Rowan,Writeam Company,9461356897,Aaman999@gmail.com,1059
1060,Wendi Kegler,Writeam Company,9846464642,souad007@gmail.com,1060
1061,Kandi Premo,Writeam Company,9822265223,Membwrd78@gmail.com,1061
1062,Ingrid Coogan,Writeam Company,9021323236,Lollolo87@gmail.com,1062
1063,Yung Purnell,Writeam Company,9565645872,Qmpd445@gmail.com,1063
1064,Rosio Romberger,Writeam Company,9020215154,Don980547@gmail.com,1064
1065,Jacob Deyo,Writeam Company,9525263635,Don784161@gmail.com,1065
1066,Ranae Sarro,Writeam Company,9851234564,Swatgv548748@gmail.com,1066
1067,Kenton Foraker,Writeam Company,9526330123,Sdkmg99@gmail.com,1067
1068,Sebrina Human,Writeam Company,9411523464,Iswj88@gmail.com,1068
1069,Bryan Dungy,Writeam Company,9012365252,Lodo2020@gmail.com,1069
1070,Reinaldo Mckay,Writeam Company,9015151511,sdeam00@gmail.com,1070
1071,Babara Gaulin,Writeam Company,9454582564,Saddammen@gmail.com,1071
1072,Leonida Rubin,Writeam Company,9852031649,pokemon4ever72@gmail.com,1072
1073,Carolyn Payan,Writeam Company,9513247536,carolyn@gmail.com,1073
1074,Tonia Ponder,Writeam Company,9512478520,toniapndoer32@gmail.com,1074
1075,Kara Wojtowicz,Writeam Company,9753657415,karakara23@gmail.com,1075
1076,Annalisa Tunison,Writeam Company,9014785236,annalisa0123@gmail.com,1076
1077,Billy Hoekstra,Writeam Company,9632588525,billytras@gmail.com,1077
1078,Carlo Campion,Writeam Company,9748485158,carlobuddy@gmail.com,1078
1079,Katherin Bleau,Writeam Company,9050548487,champorado@gmail.com,1079
1080,Katherine Puno,Writeam Company,9146353562,punokath@gmail.com,1080
1093,Melita Harwood,Writeam Company,9513256478,harwood123@gmail.com,1093
1094,Margaret Bohanon,Writeam Company,9857841412,bohanonmargaret0@gmail.com,1094
1095,Margery Reeve,Writeam Company,9332652014,margerymarg@gmail.com,1095
1096,Dirk Youngman,Writeam Company,9633759854,drikdrikdirk@gmail.com,1096
1097,Yuette Graddy,Writeam Company,9106346131,@yuettegradddddy@gmail.com,1097
1098,Jovita Marcos,Writeam Company,9221515664,marcos_jovita@gmail.com,1098
