id,Article File,Headline,accounts_id
1001,,Overview: Volume RV MTF Indicator,1001
1002,,Top Technical Indicators to use in Forex Trading,1002
1003,,Season One of The Good Place Review,1003
1004,,Binary Options & Fractal Strategy in Forex,1004
1005,,Why Forex Sites Give Free Money,1005
1006,,Forex Guide: Forex Forum Sites (4C Forum),1006
1007,,Advantages of Using Forum Sites in Forex,1007
1008,,Learn More about Forex Price Action Scalping,1008
1009,,Export Live Data from MT4 to Excel,1009
1010,,Guide for Astro Indicator in MT4,1010
1011,,Guide to Fixed Fractional Trading,1011
1012,,Install Now! Darvas Box on MT5,1012
1013,,Forex: Fractal Chaos Bands Indicator,1013
1014,,Download Now! Squeeze Momentum Indicator,1014
1015,,All about VP Forex Algorithm,1015
1016,,Forex BBMA strategies in English,1016
1017,,Forex Binary Options Strategy Forum,1017
1018,,Using Horizontal Line Indicator in MT5,1018
1019,,Binary Options Fractal Strategies in Forex,1019
1020,,Guide in Free Scalping in Forex MT4,1020
1021,,BBMA Strategy in English,1021
1022,,Binary Options Strategy Forum,1022
1023,,Great Benefits of AF Global Expert,1023
1024,,Why And When To Decompile Ex4 Files,1024
1025,,Installing and Using the FX NUKE,1025
1026,,Some Free EA Available for Download on the Net,1026
1027,,Using RCI Indicator in MT4,1027
1028,,The Idea of Decompiling MT4 Ex4 Files,1028
1029,,Installing and Using Raff Channel Indicator,1029
1030,,Strategy in Using Aroon Indicator,1030
1031,,Using FX Agency Advisor 3,1031
1032,,The Advantage of AF Global Expert,1032
1033,,The pros and cons of Quantum VPOC Indicator,1033
1034,,Advantage of FX Nuke,1034
1035,,On Forex Nuke,1035
1036,,On free EA for MT4,1036
1037,,Automated trading systems and AF Global Expert,1037
1038,,The Value of MTF RCI Indicator,1038
1039,,The case for VPOC Indicator,1039
1040,,On Decompiling MT4 files,1040
1041,,Aroon Indicator and FX,1041
1042,,About the USD PAX,1042
1043,,Raff Channel Indicator: An Assessment,1043
1044,,FX Agency Advisor 3,1044
1045,,Crude Oil Trading: A Basic Guide for Beginners 2021,1045
1046,,Drone Stocks: Top 5 to Watch and Invest in 2021,1046
1047,,Top 4 Most Powerful Candlestick Patterns to Use in 2021,1047
1048,,Three Moving Average Crossover EA: Strategy to trade with this EA,1048
1049,,Shved Supply and Demand – How to Trade with this Indicator?,1049
1050,,Money Flow Index – How to Trade with this Indicator?,1050
1051,,5 Best Forex Demo Account for Beginners 2021,1051
1052,,How to become a Successful Trader with POC Forex Strategy,1052
1053,,Installing and Trading Strategy with Buy-Sell Secret Forex,1053
1054,,Trading Strategy with Gann HiLo Activator MT5,1054
1055,,Anton Kreil – Here's Why You Should Know Him and His Courses.,1055
1056,,How the Image Watermark with Timeframe Indicator Works?,1056
1057,,Basic Guide on Symbol Watermark Timeframe Indicator,1057
1058,,The How-to’s in using MetaTrader 4,1058
1059,,Things you should know about MT4 Stop Loss EA,1059
1060,,How to set Stop Loss and Take Profit?,1060
1061,,Top 4 Best Indicators Available in MT4,1061
1062,,An Ultimate Guide on Mobile trading with MT4 and MT5 App for Android,1062
1063,,How to Calculate Fibonacci Retracement?,1063
1064,,Who Accepts Bitcoin? (Full Guide),1064
1065,,Everything You Need To Enable Authy 2FA For Binance Withdrawals,1065
1066,,Bitcoin Transfer: A Convenient Way in Digital Transaction,1066
1067,,The Concept of Ripple Wallet: Things You Need to Know!,1067
1068,,Transfer Bitcoin in Effectively Trading,1068
1069,,The Essence of Smart Contracts: Things You Need To Know!,1069
1070,,Purchasing Bitcoins: Why Do Bitcoins Have Value?,1070
1071,,Overview on best momentum indicator in mt4,1071
1072,,What Is the Heikin-Ashi Indicator,1072
1073,,What Is the BW Mfi Strategy,1073
1074,,What Is Gator Forex,1074
1075,,Overview on Lot Size in Forex Trading,1075
1076,,How to Use RSI for Trading?,1076
1077,,ETF Trading Strategies for Beginners,1077
1078,,What Is the Best Dax Trading Strategy?,1078
1079,,Overview of MACD Stock,1079
1080,,Overview of Stochastic Settings,1080
1081,,How to Download Grail Indicator No Repaint,1081
1082,,How to use Volatility 75 Index MT4,1082
1083,,Master Candle Trading Strategy,1083
1084,,ADR Indicator,1084
1085,,How to Register in the Stock Market ?,1085
1086,,How to Trade an With Exhaustion Bar Indicator?,1086
1087,,What are the Capital Market Trading Instruments?,1087
1088,,What Currency Should You Buy Now?,1088
1089,,How to Invest in Cobalt Stocks?,1089
1090,,What Are the Differences of Recession and Depression?,1090
1091,,What is Acquisition in Finance?,1091
1092,,What Is the Meaning of PMI?,1092
1093,,What Is Points in the Stock Market?,1093
1094,,What Are the Swing Trading Chart Patterns?,1094
1095,,What is the Concept of Risk Management?,1095
1096,,What is the Portfolio Risk?,1096
1097,,What Refers to CFD in Trading?,1097
1098,,What is the Definition of Fiat Money?,1098
