id,Link,personaldetails_id
1007,www.linkedin.com/innelyn123/,1007
1008,www.linkedin.com/in/KimCherrr/,1008
1009,www.facebook.com/seyernalla,1009
1010,www.linkedin.com/in/ZyraEAM/,1010
1012,www.linkedin.com/in/Christin/,1012
1014,www.linkedin.com/in/EmilyAngel/,1014
1015,www.linkedin.com/in/Marichez/,1015
1019,www.facebook.com/Patrick.dg4,1019
1020,www.linkedin.com/in/steve/,1020
1021,www.facebook.com/shar.cxm,1021
1026,www.linkedin.com/in/Mich/,1026
1028,www.facebook.com/chingrhea30,1028
1029,www.linkedin.com/in/Vince/,1029
1030,www.linkedin.com/in/MarcEli/,1030
1036,www.facebook.com/bibiheyna,1036
1046,www.facebook.com/lexcatalina,1046
1047,www.facebook.com/lexbegail,1047
1048,www.facebook.com/gelageresano,1048
1049,www.facebook.com/alamarie,1049
1050,www.facebook.com/xeline.galvez,1050
1051,www.facebook.com/kass.per,1051
1052,www.facebook.com/fajardo.benj,1052
1060,www.linkedin.com/in/jake-andrew/,1060
1061,www.linkedin.com/in/mikaela/,1061
1064,www.linkedin.com/in/uzziel/,1064
1065,www.linkedin.com/in/echon-zilda/,1065
1068,www.linkedin.com/in/gerome/,1068
1079,www.facebook.com/quintosmarj,1079
1081,www.linkedin.com/in/joymary/,1081
1082,www.linkedin.com/in/sammantha/,1082
1083,www.linkedin.com/irchie/,1083
1084,www.linkedin.com/in/cynthia/,1084
1085,www.linkedin.com/in/krizha/,1085
1098,www.linkedin.com/in/Hazel/,1098
1099,www.linkedin.com/in/BelleCai/,1095
1100,www.linkedin.com/in/RossKetrherine/,1096
1101,www.linkedin.com/in/Noel.Mark/,1097
1102,www.linkedin.com/in/jeremie/,1078
1103,www.linkedin.com/in/marjorette/,1079
1104,www.linkedin.com/in/rexelle/,1080
1105,www.linkedin.com/in/niel/,1062
1106,www.linkedin.com/in/jean-sanchez/,1063
1107,www.linkedin.com/in/uzziel/,1064
1108,www.linkedin.com/in/zilda.echon/,1065
1109,www.linkedin.com/in/ravena/,1041
1110,www.linkedin.com/in/DavidWilbert/,1027
1111,www.linkedin.com/in/RheaIrish/,1028
1112,www.linkedin.com/in/shariah/,1021
1113,www.linkedin.com/illanfreelancing/,1009
1114,www.linkedin.com/in/SteffiG/,1011
1115,www.linkedin.com/ilez.Jez/,1013
